app_id,display_name
04e5e5c7-1dae-4743-8678-b59043c12abf,HackerOne [Example]
f6a5b9ae-68d0-4fbe-a256-80b65282b80f,Mattermost
51a881ab-cd27-44ac-ac20-784610925ad5,ADP [Example]
ffbad51a-97b4-452b-adba-e68c06bcc206,Tailscale
deab09e9-276b-48a5-8b4a-ce428cc7f193,Zoom [Example]
6909074c-2c8b-485c-b533-a1e405a27b6f,Icinga [Example]
33feab71-c2c6-42ea-b43c-0b6150c784d1,Adobe [Example]
1eb6b8c8-4135-4c7e-8179-896b8218cb88,GitHub [Example]
8a49630a-aac1-49fa-ad8e-bd804a5c85fc,Tableau Cloud
cdbf2fd5-8d61-4cb0-86a2-407e9a6a1a11,CultureAmp [Example]
3433363f-bf59-46df-bd24-58432e052d7e,Asana [Example]
9253bd66-3260-41c6-a213-910379bc007c,Figma [Example]
02177dff-1531-4736-b25a-c2330cd6c1dc,Elastic Cloud
fe471d7c-89d9-462a-9cf0-cf643c17a9bd,PagerDuty [Example]
63f6d4a8-3f2f-45fd-a471-360ccfc91235,SurveyMonkey [Example]
22fd7e41-2a2f-48c1-95f3-4415498b0c2e,SSH [Example]